{"pitch_mean":{"0":208.1324481194},"pitch_min":{"0":0.0},"pitch_max":{"0":3.5758730159},"intensity_mean":{"0":65.3491798635},"jitter":{"0":0.0253663211},"shimmer":{"0":0.1432853049},"hnr":{"0":7.6038399316},"file":{"0":"50_50_35.wav"}}